case_id,section,surface,role,environment,phase,release_ref,priority,gate,coverage_mode,scenario,preconditions_or_test_data,expected_result,definition_ref,evidence_ref,workflow_state,result,verified_at,executor,approver,notes_or_risk
REC-001,Release / Environment / Recovery,운영/연계 > 복구/운영,관리자,qa,Pre-release,main@5409b8c,P0,Release,Manual-only,재부팅 후 자동 복구,launchd 등록 완료 / steps=1) 맥미니 재부팅 2) 외부 로그인 접속,서비스가 자동 기동되고 로그인 화면이 열린다,runbook:docs/macos_qa_prod_runbook.md | checklist:docs/go_live_checklist.md,script:scripts/run_smoke_qa.py 2026-04-18 / qa smoke pass,Verified,Pass,2026-04-18T13:16:47+09:00,Codex,,자동 복구 상태 정상 | launchd running | local health ok | 2026-03-13 실재부팅 검증 이력 포함
REC-002,Release / Environment / Recovery,운영/연계 > 복구/운영,관리자,qa,Pre-release,main@5409b8c,P1,Release,Manual-only,AFP 지연 시 로그 확인,AFP 마운트 지연 상황 재현 / steps=1) check_library_status.sh 실행 2) launchd 에러 로그 확인,한글 안내 로그로 원인 파악이 가능하다,runbook:docs/macos_qa_prod_runbook.md | checklist:docs/go_live_checklist.md,shell:/Users/__DEV_USER__/apps/hahahoho-qa/scripts/check_library_status.sh --short /Users/__DEV_USER__/apps/hahahoho-qa,Verified,Pass,2026-04-18T15:22:48+09:00,Codex,,backup state missing 경로에서 한글 AFP/launchd 안내 출력 확인
REC-003,Release / Environment / Recovery,운영/연계 > 복구/운영,관리자,qa,Pre-release,main@5409b8c,P1,Release,Manual-only,시스템 상태 패널 로그 확인,문제 상황 발생 / steps=1) 운영/연계 진입,최근 launchd 로그와 health 상태를 한 화면에서 확인할 수 있다,runbook:docs/macos_qa_prod_runbook.md | checklist:docs/go_live_checklist.md,live:/system/status 2026-04-18 / health ok / recent launchd lines,Verified,Pass,2026-04-18T14:12:07+09:00,Codex,,health=ok | log_lines=2
REL-001,Release / Environment / Recovery,QA > 자동 검증,공통,local,Pre-release,main@5409b8c,P0,Blocker,Auto,핵심 backend/route 회귀 테스트 묶음 실행,작업 트리 최신 상태 / Python 환경 준비,핵심 route/service 테스트가 모두 통과한다,pytest:tests/test_ops_route_access.py | pytest:tests/test_artist_context_service.py,pytest -q tests/test_ops_route_access.py tests/test_artist_context_service.py => 129 passed / 4 warnings,Verified,Pass,2026-04-18T13:00:03+09:00,Codex,,이번 릴리스 후보의 기준 자동 검증 묶음
REL-002,Release / Environment / Recovery,QA > 자동 검증,공통,local,Pre-release,main@5409b8c,P0,Blocker,Auto,핵심 shell/ui bootstrap 회귀 테스트 묶음 실행,작업 트리 최신 상태 / Python 환경 준비,"공통 shell, admin shell, ops UI bootstrap 테스트가 통과한다",pytest:tests/test_ops_shell_bootstrap.py,pytest -q tests/test_ops_shell_bootstrap.py => 679 passed / 4 warnings,Verified,Pass,2026-04-18T13:00:03+09:00,Codex,,UI smoke와 회귀의 최소 자동 게이트
REL-003,Release / Environment / Recovery,QA 서비스,관리자,qa,Pre-release,main@5409b8c,P0,Blocker,Manual-only,QA 로컬/외부 health 확인,QA 앱 재기동 완료,로컬 및 외부 QA health가 200 ok를 반환한다,runbook:docs/macos_qa_prod_runbook.md#9-qa-검증-절차,curl http://127.0.0.1:8100/health => ok / curl https://qa-library.muzlife.com/health => ok,Verified,Pass,2026-04-18T13:00:03+09:00,Codex,,qa-library.muzlife.com 과 127.0.0.1:8100 둘 다 확인
REL-004,Release / Environment / Recovery,릴리스 후보,관리자,qa,Pre-release,main@5409b8c,P0,Blocker,Manual-only,배포 대상 commit과 rollback backup 경로를 기록,배포 대상 후보 확정,release_ref와 rollback 대상이 명확히 기록된다,checklist:docs/go_live_checklist.md,doc:docs/go_live_checklist.md 2026-04-18 / release metadata recorded | runner:/Users/__DEV_USER__/actions-runner/_diag/Worker_20260418-024243-utc.log | ssh:__PROD_USER__@__PROD_HOST__.local | deploy:./deploy/scripts/deploy_to_prod.sh,Verified,Pass,2026-04-18T16:33:41+09:00,Codex,__DEV_USER__,배포 대상 SHA 5409b8c 확인 | target=__PROD_USER__@__PROD_HOST__.local:/Users/__PROD_USER__/apps/hahahoho-prod | rollback code target=c671ff4 | rollback DB=/Users/__PROD_USER__/apps/hahahoho-prod/runtime/backups/daily-db/hahahoho-library-daily-db-20260418-063130.db
REL-005,Release / Environment / Recovery,운영 서비스,관리자,prod,Post-release,main@5409b8c,P0,Release,Manual-only,운영 local/external health 확인,운영 배포 완료,운영 local/external health가 200 ok를 반환한다,checklist:docs/go_live_checklist.md | runbook:docs/macos_qa_prod_runbook.md,ssh:__PROD_USER__@__PROD_HOST__.local curl http://127.0.0.1:8000/health => ok | curl:https://library.muzlife.com/health => 200,Verified,Pass,2026-04-18T16:33:41+09:00,Codex,__DEV_USER__,Post-release smoke | local/external health ok
REL-006,Release / Environment / Recovery,운영 서비스,관리자,prod,Post-release,,P0,Release,Manual-only,운영 로그인 페이지와 핵심 동선 smoke 확인,운영 배포 완료 / 관리자 계정 사용 가능,"로그인, 대표 검색, 대시보드 또는 운영 홈 핵심 동선이 열린다",checklist:docs/go_live_checklist.md#5-운영-스모크-체크,,Ready,Not Run,,,,Post-release smoke
SYS-001,Release / Environment / Recovery,운영 서비스 > 외부 헬스체크,관리자,prod,Post-release,main@7450460,P0,Release,Manual-only,외부 health 확인,외부 접속 가능 / steps=1) https://library.muzlife.com/health 접속,200 응답과 status ok가 반환된다,runbook:docs/macos_qa_prod_runbook.md | checklist:docs/go_live_checklist.md,curl:https://library.muzlife.com/health => 200 | {""status"":""ok""},Verified,Pass,2026-04-18T16:41:34+09:00,Codex,__DEV_USER__,"외부 health 정상 | status=200 | {""status"": ""ok""}"
AUTH-001,Auth / Roles / Route Access,공통 > 로그인 / 세션,관리자,qa,Pre-release,main@5409b8c,P0,Blocker,Hybrid,관리자 로그인,로그인 화면 접근 가능 / steps=1) https://library.muzlife.com/login 접속 2) 관리자 계정 입력 3) 로그인,관리자 세션이 생성되고 메인 화면이 열린다,pytest:tests/test_ops_route_access.py | pytest:tests/test_ops_shell_bootstrap.py | manual:docs/management_tool_manual.md,script:scripts/run_smoke_qa.py 2026-04-18 / qa smoke pass,Verified,Pass,2026-04-18T13:16:47+09:00,Codex,,관리자 로그인 성공 | role=ADMIN | user=muzlife
AUTH-002,Auth / Roles / Route Access,공통 > 로그인 / 세션,현장 운영자,qa,Pre-release,main@5409b8c,P0,Blocker,Hybrid,현장 운영자 로그인,로그인 화면 접근 가능 / steps=1) 로그인 화면 접속 2) 현장 운영자 계정 입력 3) 로그인,현장 운영 화면으로 정상 진입하고 수정 권한 화면은 보이지 않는다,pytest:tests/test_ops_route_access.py | pytest:tests/test_ops_shell_bootstrap.py | manual:docs/management_tool_manual.md,script:scripts/run_field_regression_qa.py 2026-04-18 / qa operator regression pass,Verified,Pass,2026-04-18T13:16:47+09:00,Codex,,현장 운영자 로그인 성공 | user=kinolifecom
AUTH-003,Auth / Roles / Route Access,공통 > 로그인 / 세션,공통,qa,Pre-release,,P1,Non-blocking,Hybrid,로그아웃 동작,로그인 완료 / steps=1) 로그아웃 클릭 2) /login 재접속,세션이 제거되고 다시 로그인 화면이 나온다,pytest:tests/test_ops_route_access.py | pytest:tests/test_ops_shell_bootstrap.py | manual:docs/management_tool_manual.md,,Ready,Not Run,,,,로그아웃 동작 정상 | session cleared
AUTH-004,Auth / Roles / Route Access,공통 > 로그인 / 세션,현장 운영자,qa,Pre-release,main@5409b8c,P0,Blocker,Hybrid,현장 운영자 수정 차단,현장 운영자 로그인 / steps=1) 검색/관리 진입 시도 2) 자료 수정 API 호출 유도,수정 저장이 차단되거나 수정 UI 접근이 제한된다,pytest:tests/test_ops_route_access.py | pytest:tests/test_ops_shell_bootstrap.py | manual:docs/management_tool_manual.md,browser QA smoke 2026-04-18 / operator write denied,Verified,Pass,2026-04-18T13:00:03+09:00,Codex,,현장 운영자 쓰기 차단 정상 | status=403
FIELD-001,Operator Home,운영 홈,현장 운영자,qa,Pre-release,main@5409b8c,P0,Release,Hybrid,운영 홈 검색,현장 운영자 로그인 / steps=1) 곡명/아티스트/앨범 검색,일치 상품과 현재 위치가 표시된다,pytest:tests/test_ops_shell_bootstrap.py | manual:docs/management_tool_manual.md,script:scripts/run_field_regression_qa.py 2026-04-18 / qa operator regression pass,Verified,Pass,2026-04-18T13:16:47+09:00,Codex,,현장 운영 조회 성공 | owned_item_id=593 | track=A1 슬픈 장난감
FIELD-002,Operator Home,운영 홈,현장 운영자,qa,Pre-release,main@5409b8c,P0,Release,Hybrid,장식장 열기용 위치 필드 제공,검색 결과 존재 / steps=1) 운영 홈 검색 2) 결과의 현재 장식장/층/칸 정보 확인,배치된 상품은 장식장 열기용 위치 필드(current_cabinet_name/current_column_code/current_cell_code)가 함께 제공된다,pytest:tests/test_ops_shell_bootstrap.py | manual:docs/management_tool_manual.md,script:scripts/run_field_regression_qa.py 2026-04-18 / qa operator regression pass,Verified,Pass,2026-04-18T13:16:47+09:00,Codex,,장식장 열기용 위치 필드 확인 가능 | cabinet=LP장 3 | column=03 | cell=02
FIELD-003,Operator Home,운영 홈,현장 운영자,qa,Pre-release,main@5409b8c,P1,Non-blocking,Hybrid,직전 위치 확인,이동 이력 존재 / steps=1) 검색 결과 확인,현재 위치와 직전 위치를 같이 확인할 수 있다,pytest:tests/test_ops_shell_bootstrap.py | manual:docs/management_tool_manual.md,script:scripts/run_field_regression_qa.py 2026-04-18 / qa operator regression pass,Verified,Pass,2026-04-18T13:16:47+09:00,Codex,,현재/직전 위치 확인 가능 | 현재=LP장 3 / 03열 / 02칸 | 직전=미배치
FIELD-004,Operator Home,운영 홈,현장 운영자,qa,Pre-release,main@5409b8c,P1,Non-blocking,Hybrid,관리자 화면 직접 접근 차단,현장 운영자 로그인 / steps=1) /admin 직접 접근,현장 운영자는 /ops 로 리다이렉트되고 관리자 화면을 볼 수 없다,pytest:tests/test_ops_shell_bootstrap.py | manual:docs/management_tool_manual.md,script:scripts/run_field_regression_qa.py 2026-04-18 / qa operator regression pass,Verified,Pass,2026-04-18T13:16:47+09:00,Codex,,현장 운영자 /admin 차단 확인 | location=- | final=http://127.0.0.1:8100/ops
OPS-015,Operator Home,운영 홈,현장 운영자,qa,Pre-release,main@5409b8c,P0,Release,Hybrid,운영 도우미 정확 일치 우선 요약,"운영 홈 조회 가능, 바코드/견출지 ID/제목+아티스트 정확 일치 대상 존재 / steps=1) 공백이 섞인 검색어 입력 2) 바코드로 조회 3) 견출지 ID로 조회 4) 제목+아티스트를 정확히 입력해 조회",기존 조회 결과 목록은 유지되고 상단 운영 도우미가 정규화 검색어와 함께 바코드 -> 견출지 ID -> 제목/아티스트 정확 일치 순서로 상단 후보를 요약한다,pytest:tests/test_ops_shell_bootstrap.py | manual:docs/management_tool_manual.md,live:http://127.0.0.1:8100/operator/catalog-search 2026-04-18 / barcode+label_id+title_artist exact-match probe,Verified,Pass,2026-04-18T15:22:48+09:00,Codex,,barcode exact=1 | label_id exact=1 | title+artist exact=3 | first label candidate=LP-001248
OPS-016,Operator Home,운영 홈,현장 운영자,qa,Pre-release,,P1,Non-blocking,Hybrid,운영 도우미 위치 요약과 장식장 CTA,"운영 홈 조회 가능, 배치 상품 1건과 미배치 상품 1건 존재 / steps=1) 배치 상품 조회 2) 운영 도우미의 장식장 열기 클릭 3) 미배치 상품 조회",배치 상품은 현재 위치와 장식장 열기 CTA가 보이고 미배치 상품은 현재 위치가 미배치로 표시되며 CTA가 숨겨진다. 별도 쓰기 호출 없이 기존 결과 요약만 갱신된다,pytest:tests/test_ops_shell_bootstrap.py | manual:docs/management_tool_manual.md,,Ready,Not Run,,,,Automated contract coverage | canOpenCabinet gates CTA and unassigned helper note | tests/test_ops_shell_bootstrap.py
OPS-017,Operator Home,운영 홈,현장 운영자,qa,Pre-release,,P1,Non-blocking,Hybrid,운영 도우미 배치 우선 fallback,"운영 홈 조회 가능, 정확 일치가 없고 배치 상품과 미배치 상품이 함께 반환되는 검색어 존재 / steps=1) 정확 일치가 없는 검색어로 조회",정확 일치가 없으면 운영 도우미가 배치된 행을 우선 상단 후보로 선택하고 그마저 없을 때만 첫 번째 행을 사용한다,pytest:tests/test_ops_shell_bootstrap.py | manual:docs/management_tool_manual.md,,Ready,Not Run,,,,Automated contract coverage | assigned fallback before first row | tests/test_ops_shell_bootstrap.py
OPS-018,Operator Home,운영 홈,현장 운영자,qa,Pre-release,,P1,Non-blocking,Hybrid,운영 도우미 stale 조회 응답 무시,"운영 홈 조회 가능, 조회 중 비우기 또는 새 검색을 재현할 수 있음 / steps=1) 조회 시작 2) 즉시 비우기 또는 다른 검색어로 다시 조회 3) 늦게 도착한 이전 응답 확인",이전 조회 응답이 늦게 도착해도 비우기 이후 화면이나 최신 검색 결과를 다시 덮어쓰지 않는다,pytest:tests/test_ops_shell_bootstrap.py | manual:docs/management_tool_manual.md,,Ready,Not Run,,,,Automated contract coverage | operatorLookupRequestSeq invalidates stale completions | tests/test_ops_shell_bootstrap.py
DASH-001,Dashboard / Placement / Recovery,운영 홈 > 대시보드,관리자,qa,Pre-release,main@5409b8c,P0,Blocker,Manual-only,장식장 카드 진입,관리자 로그인 / steps=1) 대시보드 진입 2) 장식장 카드 클릭,선택한 장식장의 층/칸 상세가 열린다,pytest:tests/test_ops_shell_bootstrap.py | manual:docs/management_tool_manual.md,script:scripts/run_smoke_qa.py 2026-04-18 / qa smoke pass,Verified,Pass,2026-04-18T13:16:47+09:00,Codex,,대시보드 장식장 데이터 조회 성공 | slots=129
DASH-002,Dashboard / Placement / Recovery,운영 홈 > 대시보드,관리자,qa,Pre-release,main@5409b8c,P0,Release,Manual-only,칸 선택 후 상품 표시,장식장 상세 열림 / steps=1) 칸 선택,선택 칸 상품이 하단에 표시된다,pytest:tests/test_ops_shell_bootstrap.py | manual:docs/management_tool_manual.md,script:scripts/run_smoke_qa.py 2026-04-18 / qa smoke pass,Verified,Pass,2026-04-18T13:16:47+09:00,Codex,,칸 상품 조회 성공 | slot=LP장-6-01-01 | items=5
DASH-003,Dashboard / Placement / Recovery,운영 홈 > 대시보드,관리자,qa,Pre-release,main@5409b8c,P0,Release,Manual-only,선반 보기 선택/해제,칸 상품 존재 / steps=1) 선반 보기 2) 여러 상품 선택/해제,선택 아이콘이 정상 표시되고 선택 상태가 유지된다,pytest:tests/test_ops_shell_bootstrap.py | manual:docs/management_tool_manual.md,"browser:qa-library.muzlife.com 2026-04-18 / dash shelf selection toggle / screenshots:/tmp/dash-slot-open.png,/tmp/dash-select-on.png,/tmp/dash-select-off.png",Verified,Pass,2026-04-18T14:12:07+09:00,Codex,,LP장-1-01-03 | owned_item_id=1022 | 선택 0건 -> 선택 1건 -> 선택 0건 요약 변경 확인
DASH-004,Dashboard / Placement / Recovery,운영 홈 > 대시보드,관리자,qa,Pre-release,,P1,Non-blocking,Manual-only,선반 첫 상품 선택,칸 첫 카드 존재 / steps=1) 선반에서 맨 왼쪽 상품 선택,첫 상품도 정상 선택된다,pytest:tests/test_ops_shell_bootstrap.py | manual:docs/management_tool_manual.md,,Ready,Not Run,,,,2026-03-17 브라우저 검증 통과 | LP장-1-01-01 선반 첫 상품 선택 | summary=현재 칸 24건 | 선택 1건 | 선택 위치 1번 | 직전 미배치 | 직전 위치 복구 가능
DASH-005,Dashboard / Placement / Recovery,운영 홈 > 대시보드,관리자,qa,Pre-release,,P1,Non-blocking,Manual-only,선반 연속 선택,겹쳐진 카드 존재 / steps=1) 상품 선택 2) 바로 옆/다다음 상품 선택,선택된 카드가 옆 카드를 막지 않고 연속 선택 가능하다,pytest:tests/test_ops_shell_bootstrap.py | manual:docs/management_tool_manual.md,,Ready,Not Run,,,,2026-03-17 브라우저 검증 통과 | 선반 연속 선택 정상 | LP장-1-01-01 | 선택 3건
DASH-006,Dashboard / Placement / Recovery,운영 홈 > 대시보드,관리자,qa,Pre-release,main@5409b8c,P0,Release,Manual-only,같은 장 내 다른 칸 이동,선택된 상품 존재 / steps=1) 상품 선택 2) 다른 칸 클릭,선택 상품이 대상 칸으로 이동한다,pytest:tests/test_ops_shell_bootstrap.py | manual:docs/management_tool_manual.md,live:/owned-items/{id}/slot + /storage-slots/{id}/owned-items 2026-04-18 / same-cabinet move probe,Verified,Pass,2026-04-18T14:12:07+09:00,Codex,,owned_item_id=1290 | QA DASH A 1776489444 / 01열 / 01칸 -> QA DASH A 1776489444 / 01열 / 02칸 | target_slot=QA-DASH-A-1776489444-01-02
DASH-007,Dashboard / Placement / Recovery,운영 홈 > 대시보드,관리자,qa,Pre-release,main@5409b8c,P0,Release,Manual-only,다른 장식장 칸 이동,선택된 상품 존재 / steps=1) 상품 선택 2) 다른 장식장 열기 3) 대상 칸 클릭,선택 상품이 다른 장식장의 해당 칸으로 이동한다,pytest:tests/test_ops_shell_bootstrap.py | manual:docs/management_tool_manual.md,live:/owned-items/{id}/slot + /storage-slots/{id}/owned-items 2026-04-18 / cross-cabinet move probe,Verified,Pass,2026-04-18T14:12:07+09:00,Codex,,owned_item_id=1290 | QA DASH A 1776489444 / 01열 / 02칸 -> QA DASH B 1776489444 / 01열 / 01칸 | target_slot=QA-DASH-B-1776489444-01-01
DASH-008,Dashboard / Placement / Recovery,운영 홈 > 대시보드,관리자,qa,Pre-release,,P1,Non-blocking,Manual-only,다중 선택 이동,한 칸에 여러 상품 존재 / steps=1) 2건 이상 선택 2) 다른 칸 클릭,선택한 모든 상품이 한 번에 이동한다,pytest:tests/test_ops_shell_bootstrap.py | manual:docs/management_tool_manual.md,,Ready,Not Run,,,,"일괄 이동 완료 2건 -> LP장 1 / 01층 / 02칸 / moved storage_slot_id=426,426"
DASH-009,Dashboard / Placement / Recovery,운영 홈 > 대시보드,관리자,qa,Pre-release,main@5409b8c,P1,Release,Manual-only,직전 위치 복구,최근 이동 이력 존재 / steps=1) 상품 1건 선택 2) 직전 위치 복구 클릭,상품이 직전 위치로 돌아가고 최근 이동에 복구 표시가 남는다,pytest:tests/test_ops_shell_bootstrap.py | manual:docs/management_tool_manual.md,live:/owned-items/{id}/restore-previous-slot + /dashboard/collection 2026-04-18 / restore probe,Verified,Pass,2026-04-18T14:12:07+09:00,Codex,,owned_item_id=1290 | restored=True | slot=QA-DASH-A-1776489444-01-02 | recent_move_rows=1
DASH-010,Dashboard / Placement / Recovery,운영 홈 > 대시보드,관리자,qa,Pre-release,,P2,Non-blocking,Manual-only,보기 모드 전환,칸 상품 존재 / steps=1) 선반/썸네일/리스트 전환,같은 선택 집합을 유지한 채 보기만 변경된다,pytest:tests/test_ops_shell_bootstrap.py | manual:docs/management_tool_manual.md,,Ready,Not Run,,,,2026-03-17 브라우저 검증 통과 | 선반/썸네일/리스트 전환 중 선택 3건 유지
DASH-011,Dashboard / Placement / Recovery,운영 홈 > 대시보드,관리자,qa,Pre-release,,P1,Non-blocking,Manual-only,선반 클릭은 선택만 하고 편집은 분리,대시보드 선반 보기 / steps=1) 카드 클릭 2) 편집 버튼 클릭,카드 클릭은 선택만 수행하고 편집은 전용 버튼으로만 열린다,pytest:tests/test_ops_shell_bootstrap.py | manual:docs/management_tool_manual.md,,Ready,Not Run,,,,"2026-03-17 브라우저 검증 통과 | 카드 클릭은 선택만, 편집은 툴바 버튼 | edit_owned_item_id=116"
DASH-012,Dashboard / Placement / Recovery,운영 홈 > 대시보드,관리자,qa,Pre-release,,P1,Non-blocking,Manual-only,선택한 선반 카드 UI 안정성,대시보드 선반 보기 / steps=1) 카드 선택 2) 마우스 오버 3) 옆 카드 선택,선택된 카드가 과도하게 확대/이동하지 않고 hover 시에만 움직인다,pytest:tests/test_ops_shell_bootstrap.py | manual:docs/management_tool_manual.md,,Ready,Not Run,,,,"2026-03-17 브라우저 검증 통과 | 선택 카드 transform=none, hover 카드만 이동 | hover transform=matrix(1, 0, 0, 1, 0, -14)"
DASH-013,Dashboard / Placement / Recovery,운영 홈 > 대시보드,관리자,qa,Pre-release,,P1,Non-blocking,Manual-only,이동 작업대 추천 칸 계산,이동 작업대에 상품 1건 이상 존재 / steps=1) 추천 칸 계산 실행 2) 추천 힌트와 버튼 확인,가나다순 배열 장식장 기준 추천 칸이 표시되고 현재 칸/추천 칸 힌트가 보인다,pytest:tests/test_ops_shell_bootstrap.py | manual:docs/management_tool_manual.md,,Ready,Not Run,,,,브라우저 확인 완료 | 추천 CD장 2 / 01층 / 01칸 외 1칸 표시
DASH-014,Dashboard / Placement / Recovery,운영 홈 > 대시보드,관리자,qa,Pre-release,,P1,Non-blocking,Manual-only,상품/추천 칸에서 상단 칸 자동 열기,배치 상품 또는 추천 칸이 있는 상품 선택 / steps=1) 대시보드에서 현재 칸 보기 또는 추천 칸 보기 클릭,해당 장식장/층/칸이 상단에서 자동으로 열리고 강조된다,pytest:tests/test_ops_shell_bootstrap.py | manual:docs/management_tool_manual.md,,Ready,Not Run,,,,브라우저 함수 검증 완료 | openDashboardForSlotLocation active slot pulse 확인
SEARCH-001,Search / Manage,미디어 > 검색/관리,관리자,qa,Pre-release,main@5409b8c,P0,Blocker,Hybrid,상품명 검색,보유 상품 존재 / steps=1) 상품명 입력 2) 검색,해당 마스터가 결과에 표시된다,pytest:tests/test_ops_shell_bootstrap.py | pytest:tests/test_ops_route_access.py | manual:docs/management_tool_manual.md,script:scripts/run_smoke_qa.py 2026-04-18 / qa smoke pass,Verified,Pass,2026-04-18T13:16:47+09:00,Codex,,앨범 검색 성공 | master_id=549 | title=제11집
SEARCH-002,Search / Manage,미디어 > 검색/관리,관리자,qa,Pre-release,main@5409b8c,P0,Release,Hybrid,변형 제목 검색,제11집 형태 상품 존재 / steps=1) 산울림 11집 검색,제11집으로 저장된 상품도 검색된다,pytest:tests/test_ops_shell_bootstrap.py | pytest:tests/test_ops_route_access.py | manual:docs/management_tool_manual.md,api:/album-masters 2026-04-18 / qa admin search verification,Verified,Pass,2026-04-18T13:16:47+09:00,Codex,,변형 제목 검색 성공 | master_id=549 | title=제11집
SEARCH-003,Search / Manage,미디어 > 검색/관리,관리자,qa,Pre-release,main@5409b8c,P0,Release,Hybrid,곡명 검색,곡 정보 있는 상품 존재 / steps=1) 곡명 검색,해당 곡이 수록된 상품/마스터가 검색되고 일치 곡이 표시된다,pytest:tests/test_ops_shell_bootstrap.py | pytest:tests/test_ops_route_access.py | manual:docs/management_tool_manual.md,api:/album-masters 2026-04-18 / qa admin search verification,Verified,Pass,2026-04-18T13:16:47+09:00,Codex,,곡명 검색 성공 | master_id=549 | match=A1 슬픈 장난감
SEARCH-004,Search / Manage,미디어 > 검색/관리,관리자,qa,Pre-release,main@5409b8c,P0,Release,Hybrid,바코드 검색,바코드 보유 상품 존재 / steps=1) 바코드 입력 2) 검색,정확한 상품/마스터가 우선 노출된다,pytest:tests/test_ops_shell_bootstrap.py | pytest:tests/test_ops_route_access.py | manual:docs/management_tool_manual.md,api:/album-masters 2026-04-18 / qa barcode verification,Verified,Pass,2026-04-18T13:16:47+09:00,Codex,,바코드 검색 성공 | barcode=000000010240 | master_id=1 | title=Greatest Hits Vol. II
SEARCH-005,Search / Manage,미디어 > 검색/관리,관리자,qa,Pre-release,,P1,Non-blocking,Hybrid,상품 수정 저장,보유 상품 상세 열림 / steps=1) 상태/메모/구매처 수정 2) 저장,저장 완료 후 현재 상세와 관련 리스트가 갱신된다,pytest:tests/test_ops_shell_bootstrap.py | pytest:tests/test_ops_route_access.py | manual:docs/management_tool_manual.md,,Ready,Not Run,,,,상품 수정 저장/원복 성공 | owned_item_id=60
SEARCH-006,Search / Manage,미디어 > 검색/관리,관리자,qa,Pre-release,main@5409b8c,P1,Release,Hybrid,이전 위치 복구,직전 위치 이력 존재 / steps=1) 상품 상세 열기 2) 이전 위치 복구,상품이 원래 위치로 복구된다,pytest:tests/test_ops_shell_bootstrap.py | pytest:tests/test_ops_route_access.py | manual:docs/management_tool_manual.md,api:/owned-items/{id}/restore-previous-slot 2026-04-18 / qa live verification,Verified,Pass,2026-04-18T13:16:47+09:00,Codex,,이전 위치 복구 성공 | owned_item_id=1276 | LP장-1-01-02 -> LP장-1-01-01
SEARCH-007,Search / Manage,미디어 > 검색/관리,관리자,qa,Pre-release,,P1,Non-blocking,Hybrid,다른 소스 상품 추가 바코드 조회 fallback,현재 편집 화면 열림 / steps=1) 바코드 입력 2) 특정 소스 결과 없음 3) 조회,선택 소스 결과가 없으면 AUTO로 보정 조회해 후보를 보여준다,pytest:tests/test_ops_shell_bootstrap.py | pytest:tests/test_ops_route_access.py | manual:docs/management_tool_manual.md,,Ready,Not Run,,,,조회 완료: 1건 / 보정 소스: AUTO / 1건
SEARCH-008,Search / Manage,미디어 > 검색/관리,관리자,qa,Pre-release,,P1,Non-blocking,Hybrid,다른 소스 상품 추가 무바코드 공백 보정,현재 편집 화면 열림 / steps=1) 스텔라 장처럼 공백 있는 한글 아티스트/상품명으로 조회,띄어쓰기 보정 질의로 후보가 조회된다,pytest:tests/test_ops_shell_bootstrap.py | pytest:tests/test_ops_route_access.py | manual:docs/management_tool_manual.md,,Ready,Not Run,,,,2026-03-17 브라우저 검증 통과 | 무바코드 공백 보정 성공 | query=가을방학 가을방학 WMED1106 | status=조회 완료: 1건 / 보정 소스: AUTO
SEARCH-009,Search / Manage,미디어 > 검색/관리,관리자,qa,Pre-release,,P1,Non-blocking,Hybrid,대시보드 복귀 후 다른 상품 편집 진입,대시보드에서 상품 편집 후 다시 대시보드로 복귀 / steps=1) 다른 상품의 편집 버튼 클릭,새로 누른 상품의 편집 화면으로 정상 이동한다,pytest:tests/test_ops_shell_bootstrap.py | pytest:tests/test_ops_route_access.py | manual:docs/management_tool_manual.md,,Ready,Not Run,,,,2026-03-17 브라우저 검증 통과 | 대시보드 복귀 후 다른 상품 편집 정상 | second_edit_owned_item_id=100
SEARCH-010,Search / Manage,미디어 > 검색/관리,관리자,qa,Pre-release,,P1,Non-blocking,Hybrid,ManiaDB 최초 등록 상품에서 Discogs 연계 상품 추가,현재 상품이 ManiaDB 기반으로 생성되어 내부 마스터에 연결됨 / steps=1) 다른 소스 상품 추가에서 Discogs 조회 2) 연계 상품으로 추가,마스터 재선택 없이 현재 내부 마스터로 Discogs 상품이 편입된다,pytest:tests/test_ops_shell_bootstrap.py | pytest:tests/test_ops_route_access.py | manual:docs/management_tool_manual.md,,Ready,Not Run,,,,"조회 완료: 3건 / 연계 상품 추가 완료: owned_item_id=202, label_id=LP-000202"
SEARCH-011,Search / Manage,미디어 > 검색/관리,관리자,qa,Pre-release,,P1,Non-blocking,Hybrid,다른 소스 상품 추가 바코드/무바코드 AUTO fallback,편집 화면 진입 / steps=1) 바코드 또는 무바코드 조회 2) 특정 소스 결과 없음 3) AUTO fallback 확인,선택 소스에서 결과가 없으면 AUTO로 보정 조회되어 후보가 보인다,pytest:tests/test_ops_shell_bootstrap.py | pytest:tests/test_ops_route_access.py | manual:docs/management_tool_manual.md,,Ready,Not Run,,,,조회 완료: 3건 / 보정 소스: AUTO / 3건
MASTER-001,Source Enrichment / Master Cleanup,미디어 > 등록/수집 > 마스터 정리,관리자,qa,Pre-release,main@5409b8c,P0,Release,Manual-only,예외 큐에서 마스터 정리 이동,마스터 없음 예외 존재 / steps=1) 예외 큐에서 선택 2) 마스터 정리 이동,마스터 정리 탭에 체크된 항목이 넘어온다,pytest:tests/test_artist_context_service.py | pytest:tests/test_ops_route_access.py | manual:docs/management_tool_manual.md,browser:local-playwright 2026-04-18 / MASTER_MISSING handoff ok / screenshots:/tmp/master-001-playwright-exception.png|/tmp/master-001-playwright-after-transfer.png,Verified,Pass,2026-04-18T15:22:48+09:00,Codex,,seeded temp item owned_item_id=1291 label_id=LP-001291 | legacy master bind card visible | transferred row shown in #masterOwnedBody
MASTER-002,Source Enrichment / Master Cleanup,미디어 > 등록/수집 > 마스터 정리,관리자,qa,Pre-release,main@5409b8c,P0,Release,Manual-only,마스터 검색 후 묶기,대상 항목 준비 / steps=1) 마스터 검색 2) 대상 선택 3) 묶기,선택 상품이 지정 마스터에 연결된다,pytest:tests/test_artist_context_service.py | pytest:tests/test_ops_route_access.py | manual:docs/management_tool_manual.md,api:/album-masters/bind 2026-04-18 / qa live verification,Verified,Pass,2026-04-18T13:16:47+09:00,Codex,,마스터 검색 후 묶기 성공 | items=1272,1273 | master_id=1136
MASTER-003,Source Enrichment / Master Cleanup,미디어 > 등록/수집 > 마스터 정리,관리자,qa,Pre-release,main@5409b8c,P0,Release,Manual-only,마스터 정렬명 저장,마스터/보유 상품 화면 열림 / steps=1) 정렬 아티스트명 입력 2) 저장,404 없이 저장되고 같은 마스터 정렬에 반영된다,pytest:tests/test_artist_context_service.py | pytest:tests/test_ops_route_access.py | manual:docs/management_tool_manual.md,api:/album-masters/{id}/sort-artist-name 2026-04-18 / qa live verification,Verified,Pass,2026-04-18T13:16:47+09:00,Codex,,마스터 정렬명 저장 성공 | album_master_id=1136 | sort_artist_name=버둥
MASTER-004,Source Enrichment / Master Cleanup,미디어 > 등록/수집 > 마스터 정리,관리자,qa,Pre-release,main@5409b8c,P0,Release,Manual-only,수동 마스터에서 소스 버전 fallback,현재 상품 source는 DISCOGS 또는 MANIADB이고 내부 마스터는 MANUAL / steps=1) 상품 상세에서 마스터 버전 조회/추가 조회,마스터 source가 MANUAL이어도 현재 상품 source 기준으로 버전 조회 컨텍스트를 만든다,pytest:tests/test_artist_context_service.py | pytest:tests/test_ops_route_access.py | manual:docs/management_tool_manual.md,api:/owned-items/{id}/related-versions 2026-04-18 / qa live verification,Verified,Pass,2026-04-18T13:16:47+09:00,Codex,,수동 마스터 source fallback 정상 | album_master_id=1137 | source=DISCOGS | master_external_id=9442473
MASTER-005,Source Enrichment / Master Cleanup,미디어 > 등록/수집 > 마스터 정리,관리자,qa,Pre-release,main@5409b8c,P0,Release,Manual-only,마스터 버전 조회가 현재 마스터 범위를 벗어나지 않음,수동 마스터에 외부 source 상품이 묶여 있음 / steps=1) 마스터 버전 조회 실행,Discogs 전체 목록이 아니라 현재 지정 마스터에 연결된 상품 범위만 표시된다,pytest:tests/test_artist_context_service.py | pytest:tests/test_ops_route_access.py | manual:docs/management_tool_manual.md,api:/owned-items/{id}/related-versions 2026-04-18 / qa live verification,Verified,Pass,2026-04-18T13:16:47+09:00,Codex,,마스터 버전 조회가 현재 마스터 범위만 반환 | album_master_id=1137 | count=1 | members=1
MASTER-006,Source Enrichment / Master Cleanup,미디어 > 등록/수집 > 마스터 정리,관리자,qa,Pre-release,,P1,Non-blocking,Manual-only,이미 삭제된 상품 삭제 버튼 재시도,같은 마스터 목록에 stale 카드가 남아 있음 / steps=1) 이미 삭제된 카드의 삭제 버튼 클릭,owned_item not found 에러로 멈추지 않고 목록을 새로고침한다,pytest:tests/test_artist_context_service.py | pytest:tests/test_ops_route_access.py | manual:docs/management_tool_manual.md,,Ready,Not Run,,,,이미 삭제된 상품으로 확인되어 목록을 새로고침했습니다. (owned_item_id=199)
MASTER-007,Source Enrichment / Master Cleanup,미디어 > 등록/수집 > 마스터 정리,관리자,qa,Pre-release,,P1,Non-blocking,Manual-only,기존 마스터 연결 상품의 다른 소스 상품 추가,현재 상품이 이미 내부 마스터에 연결돼 있음 / steps=1) 다른 소스 상품 추가에서 후보 조회 2) 연계 상품으로 추가,먼저 마스터를 다시 선택하라는 오류 없이 현재 마스터에 편입된다,pytest:tests/test_artist_context_service.py | pytest:tests/test_ops_route_access.py | manual:docs/management_tool_manual.md,,Ready,Not Run,,,,"조회 완료: 3건 / 연계 상품 추가 완료: owned_item_id=202, label_id=LP-000202"
MASTER-008,Source Enrichment / Master Cleanup,미디어 > 등록/수집 > 마스터 정리,관리자,qa,Pre-release,,P1,Non-blocking,Manual-only,이미 삭제된 보유 상품 삭제 재시도 stale UI 처리,마스터/보유 상품 영역에 stale 카드가 남아 있는 상황 / steps=1) 이미 삭제된 상품 카드에서 삭제 클릭,owned_item not found로 멈추지 않고 목록을 새로고침한다,pytest:tests/test_artist_context_service.py | pytest:tests/test_ops_route_access.py | manual:docs/management_tool_manual.md,,Ready,Not Run,,,,이미 삭제된 상품으로 확인되어 목록을 새로고침했습니다. (owned_item_id=199)
META-001,Source Enrichment / Master Cleanup,아티스트 컨텍스트,관리자,qa,Pre-release,main@5409b8c,P1,Release,Hybrid,국내 아티스트의 Korean fallback과 외부 링크 컨텍스트 확인,백예린/조용필 등 국내 아티스트 검색 가능,한국어 아티스트명이 확보되고 위키/외부 메타 컨텍스트가 표시된다,pytest:tests/test_artist_context_service.py | pytest:tests/test_ops_route_access.py,api:/ops/artist-context 2026-04-18 / qa live verification,Verified,Pass,2026-04-18T13:16:47+09:00,Codex,,국내 아티스트 fallback 확인 | artist=백예린/조용필 | links=Discogs/Wikipedia/MusicBrainz | country=KR
SORT-001,Source Enrichment / Master Cleanup,미디어 > 검색/관리 > 정렬 정책,관리자,qa,Pre-release,main@5409b8c,P1,Release,Manual-only,마스터 정렬명이 같은 마스터의 여러 미디어에 공통 적용,같은 album_master에 LP/CD 등 여러 미디어가 연결됨 / steps=1) 마스터 정렬명 저장 2) 서로 다른 미디어 슬롯 정렬 확인,같은 마스터의 모든 미디어 정렬에 동일한 정렬명이 적용된다,pytest:tests/test_artist_context_service.py | pytest:tests/test_ops_route_access.py | manual:docs/management_tool_manual.md,api:/album-masters/{id}/members 2026-04-18 / qa live verification,Verified,Pass,2026-04-18T13:16:47+09:00,Codex,,정렬명 공통 적용 확인 | album_master_id=1136 | member_count=2 | sort_artist_name=버둥
SORT-002,Source Enrichment / Master Cleanup,미디어 > 검색/관리 > 정렬 정책,관리자,qa,Pre-release,main@5409b8c,P0,Release,Manual-only,장식장 정렬 정책 LABEL_ID,정렬 정책이 LABEL_ID인 테스트 장식장 준비 / steps=1) 등록 코드가 역전되는 상품 2건 배치 2) 슬롯 조회,아티스트명과 무관하게 label_id 순으로 정렬된다,pytest:tests/test_artist_context_service.py | pytest:tests/test_ops_route_access.py | manual:docs/management_tool_manual.md,live:/storage-cabinets/register + /storage-slots/{id}/owned-items 2026-04-18 / LABEL_ID sort probe,Verified,Pass,2026-04-18T14:12:07+09:00,Codex,,order=[1284, 1285] | expected=[1284, 1285]
SORT-003,Source Enrichment / Master Cleanup,미디어 > 검색/관리 > 정렬 정책,관리자,qa,Pre-release,main@5409b8c,P0,Release,Manual-only,장식장 정렬 정책 ARTIST_RELEASE_TITLE,정렬 정책이 ARTIST_RELEASE_TITLE인 테스트 장식장 준비 / steps=1) 아티스트/발매 순이 다른 상품 2건 배치 2) 슬롯 조회,정렬 아티스트명 -> 발매일 -> 앨범명 순으로 정렬된다,pytest:tests/test_artist_context_service.py | pytest:tests/test_ops_route_access.py | manual:docs/management_tool_manual.md,live:/storage-cabinets/register + /storage-slots/{id}/owned-items 2026-04-18 / ARTIST_RELEASE_TITLE sort probe,Verified,Pass,2026-04-18T14:12:07+09:00,Codex,,order=[1287, 1286] | expected=[1287, 1286]
SORT-004,Source Enrichment / Master Cleanup,미디어 > 검색/관리 > 정렬 정책,관리자,qa,Pre-release,,P1,Non-blocking,Manual-only,마스터 정렬 아티스트명으로 비영어권 정렬 보정,국내/일본/중국 아티스트가 영문 대표명으로 연결된 상품 존재 / steps=1) 마스터 정렬 아티스트명 저장 2) 장식장 칸 정렬 확인,같은 내부 마스터의 여러 미디어가 정렬 아티스트명 기준으로 공통 정렬된다,pytest:tests/test_artist_context_service.py | pytest:tests/test_ops_route_access.py | manual:docs/management_tool_manual.md,,Ready,Not Run,,,,slot425 산울림 순서 ok / 정렬 아티스트명 저장 완료: 산울림
SOURCE-001,Source Enrichment / Master Cleanup,미디어 > 검색/관리 > 소스 보강,관리자,qa,Pre-release,main@5409b8c,P0,Release,Manual-only,미연결 상품 후보 조회,미연결 상품 존재 / steps=1) 대상 불러오기 2) 후보 조회,각 상품별 후보가 조회된다,pytest:tests/test_artist_context_service.py | pytest:tests/test_ops_route_access.py | manual:docs/management_tool_manual.md,api:/owned-items + /ingest/search 2026-04-18 / qa live verification,Verified,Pass,2026-04-18T13:57:09+09:00,Codex,,미연결 상품 후보 조회 성공 | owned_item_id=1277 | found_missing=true | candidates=1
SOURCE-002,Source Enrichment / Master Cleanup,미디어 > 검색/관리 > 소스 보강,관리자,qa,Pre-release,main@5409b8c,P0,Release,Manual-only,선택 후보 일괄 교체,후보 선택 완료 / steps=1) 여러 행 후보 선택 2) 일괄 교체,선택 항목 메타가 소스로 교체된다,pytest:tests/test_artist_context_service.py | pytest:tests/test_ops_route_access.py | manual:docs/management_tool_manual.md,api:/owned-items/source-replace-bulk 2026-04-18 / qa live verification,Verified,Pass,2026-04-18T13:57:09+09:00,Codex,,선택 후보 일괄 교체 성공 | owned_item_id=1281 | source=MANIADB | external=album:121470
SOURCE-003,Source Enrichment / Master Cleanup,미디어 > 검색/관리 > 소스 보강,관리자,qa,Pre-release,,P1,Non-blocking,Manual-only,자동 교체 대기 실행,자동 매칭 대상 존재 / steps=1) 자동 교체 대기 실행,바코드 정확 일치 또는 후보 1건 대상이 자동 반영된다,pytest:tests/test_artist_context_service.py | pytest:tests/test_ops_route_access.py | manual:docs/management_tool_manual.md,,Ready,Not Run,,,,후보 일괄 조회 완료: 1건 / 선택 1건 / 자동 교체 대기 실행 완료: 성공 1건
SOURCE-004,Source Enrichment / Master Cleanup,미디어 > 검색/관리 > 소스 보강,관리자,qa,Pre-release,,P1,Non-blocking,Manual-only,최근 보강 결과 큐 확인,보강 실행 이력 존재 / steps=1) 보강 후 결과 확인,성공/실패/보류 결과가 큐에 남는다,pytest:tests/test_artist_context_service.py | pytest:tests/test_ops_route_access.py | manual:docs/management_tool_manual.md,,Ready,Not Run,,,,"성공
이소라 - 눈썹달 QA AUTO3
LP-000201 | 자동 교체 | 03. 17. 23:55 | DISCOGS#16067523
열기
삭제"
SOURCE-005,Source Enrichment / Master Cleanup,미디어 > 검색/관리 > 소스 보강,관리자,qa,Pre-release,,P1,Non-blocking,Manual-only,소스 보강 수정 검색 입력 반영,보강 대상 1건 이상 로드됨 / steps=1) 후보 조회로 원치 않는 결과 확인 2) 아티스트명/상품명 재입력 3) 수정 검색 실행,행 단위 수정 검색어가 조회 기준에 반영되고 후보 결과가 갱신된다,pytest:tests/test_artist_context_service.py | pytest:tests/test_ops_route_access.py | manual:docs/management_tool_manual.md,,Ready,Not Run,,,,브라우저 확인 완료 | 수정 검색 산울림/제11집 표시
BUY-001,Registration / Intake,미디어 > 등록/수집 > 구매 내역 가져오기,관리자,qa,Pre-release,main@5409b8c,P0,Release,Manual-only,Amazon JP 주문 파일 미리보기,Amazon JP MHTML 샘플 파일 존재 / steps=1) 구매 내역 가져오기 진입 2) Amazon JP 주문 파일 업로드 3) 미리보기,상품 행이 파싱되고 통화가 JPY로 표시된다,manual:docs/purchase_mail_import.md | manual:docs/management_tool_manual.md,api:/purchase-imports/preview 2026-04-18 / qa live verification,Verified,Pass,2026-04-18T13:57:09+09:00,Codex,,AMAZON 파일 미리보기 성공 | file=YourOrders_Amazon_JP_2025.mhtml | count=2 | currencies=JPY
BUY-002,Registration / Intake,미디어 > 등록/수집 > 구매 내역 가져오기,관리자,qa,Pre-release,main@5409b8c,P0,Release,Manual-only,Amazon UK 주문 파일 미리보기,Amazon UK MHTML 샘플 파일 존재 / steps=1) 구매 내역 가져오기 진입 2) Amazon UK 주문 파일 업로드 3) 미리보기,상품 행이 파싱되고 통화가 GBP로 표시된다,manual:docs/purchase_mail_import.md | manual:docs/management_tool_manual.md,api:/purchase-imports/preview 2026-04-18 / qa live verification,Verified,Pass,2026-04-18T13:57:09+09:00,Codex,,AMAZON 파일 미리보기 성공 | file=YourOrders_Amazon_UK_2022.mhtml | count=8 | currencies=GBP
BUY-003,Registration / Intake,미디어 > 등록/수집 > 구매 내역 가져오기,관리자,qa,Pre-release,main@5409b8c,P0,Release,Manual-only,eBay 주문 파일 미리보기,eBay MHTML 샘플 파일 존재 / steps=1) 구매 내역 가져오기 진입 2) eBay 주문 파일 업로드 3) 미리보기,상품 행이 파싱되고 통화가 USD로 표시된다,manual:docs/purchase_mail_import.md | manual:docs/management_tool_manual.md,api:/purchase-imports/preview 2026-04-18 / qa live verification,Verified,Pass,2026-04-18T13:57:09+09:00,Codex,,EBAY 파일 미리보기 성공 | file=Purchases _ My eBay _ eBay_02.mhtml | count=6 | currencies=USD
BUY-004,Registration / Intake,미디어 > 등록/수집 > 구매 내역 가져오기,관리자,qa,Pre-release,,P1,Non-blocking,Manual-only,구매 파일 미리보기 실패 사유 표시,잘못된 파일 또는 주문 정보 없는 본문 준비 / steps=1) 잘못된 파일 업로드 또는 무의미한 본문 입력 2) 미리보기,0건으로 끝나지 않고 파서가 찾지 못한 이유가 표시된다,manual:docs/purchase_mail_import.md | manual:docs/management_tool_manual.md,,Ready,Not Run,,,,"잘못된 구매 본문 오류 사유 표시 | {""detail"":""eBay 구매 카드(m-item-card)를 찾지 못했습니다. 구매내역 목록 페이지 MHTML인지 확인하세요.""}"
BUY-005,Registration / Intake,미디어 > 등록/수집 > 구매 내역 가져오기,관리자,qa,Pre-release,main@5409b8c,P0,Blocker,Manual-only,미리보기 결과 수입 큐 저장,미리보기 결과 존재 / steps=1) 미리보기 확인 2) 수입 큐 저장,큐에 PENDING 행이 생성된다,manual:docs/purchase_mail_import.md | manual:docs/management_tool_manual.md,api:/purchase-imports 2026-04-18 / qa live verification,Verified,Pass,2026-04-18T13:57:09+09:00,Codex,,구매 수입 큐 저장 성공 | file=Purchases _ My eBay _ eBay_02.mhtml | created_count=5 | cleanup=queue rows removed
BUY-006,Registration / Intake,미디어 > 등록/수집 > 구매 내역 가져오기,관리자,qa,Pre-release,main@5409b8c,P0,Release,Manual-only,구매 수입 큐 후보 조회,구매 수입 큐 PENDING 행 존재 / steps=1) 큐 불러오기 2) 특정 행 후보 조회,후보 메타 치환 박스가 열리고 후보 목록이 표시된다,manual:docs/purchase_mail_import.md | manual:docs/management_tool_manual.md,api:/purchase-imports/{id}/candidates 2026-04-18 / qa live verification,Verified,Pass,2026-04-18T13:57:09+09:00,Codex,,구매 수입 큐 후보 조회 성공 | queue_id=819 | count=3 | query=A Hermitage [VINYL] Jambinai
BUY-007,Registration / Intake,미디어 > 등록/수집 > 구매 내역 가져오기,관리자,qa,Pre-release,,P1,Non-blocking,Manual-only,수정 검색으로 후보 재조회,초기 후보가 없거나 부정확한 큐 행 존재 / steps=1) 행 확장 2) 아티스트/상품명 수정 검색 입력 3) 후보 조회,보정된 질의로 후보가 다시 조회된다,manual:docs/purchase_mail_import.md | manual:docs/management_tool_manual.md,,Ready,Not Run,,,,수정 검색 후보 재조회 성공 | 터치드 Red Signal | count=1
BUY-008,Registration / Intake,미디어 > 등록/수집 > 구매 내역 가져오기,관리자,qa,Pre-release,main@5409b8c,P0,Release,Manual-only,후보로 생성 시 구매 미디어 유지/미배치,구매 수입 큐 후보 선택 완료 / steps=1) 후보 선택 2) 후보로 생성 3) 생성 상품 상세 확인,구매 내역의 미디어가 유지되고 storage_slot_id는 비어 있다,manual:docs/purchase_mail_import.md | manual:docs/management_tool_manual.md,api:/purchase-imports/{id}/create-owned-item-from-candidate 2026-04-18 / qa live verification,Verified,Pass,2026-04-18T13:57:09+09:00,Codex,,후보로 생성 시 구매 미디어 유지/미배치 성공 | queue_id=819 | owned_item_id=1282 | format=LP | storage_slot_id=null
BUY-009,Registration / Intake,미디어 > 등록/수집 > 구매 내역 가져오기,관리자,qa,Pre-release,,P1,Non-blocking,Manual-only,구매 수입 큐 무시 처리,구매 수입 큐 PENDING 행 존재 / steps=1) 행에서 무시 처리,해당 행 상태가 IGNORED로 바뀌고 재등록 대상에서 빠진다,manual:docs/purchase_mail_import.md | manual:docs/management_tool_manual.md,,Ready,Not Run,,,,구매 수입 큐 무시 처리 성공 | queue_id=1079
BUY-010,Registration / Intake,미디어 > 등록/수집 > 구매 내역 가져오기,관리자,qa,Pre-release,,P1,Non-blocking,Manual-only,Amazon 상세 보강,Amazon 구매 큐 행에 item_url 존재 / steps=1) 상세 보강 또는 후보 조회 실행,아티스트/커버가 비어 있으면 Amazon 상세 페이지로 보강된다,manual:docs/purchase_mail_import.md | manual:docs/management_tool_manual.md,,Ready,Not Run,,,,Amazon 상세 보강 성공 | artist=Iron & Wine | image=yes
BUY-011,Registration / Intake,미디어 > 등록/수집 > 구매 내역 가져오기,관리자,qa,Pre-release,,P1,Non-blocking,Manual-only,구매 수입 큐 표시 수와 전체 수 구분,구매 수입 큐 다수 존재 / steps=1) 큐 불러오기 2) 조회 수 제한 변경,상태줄에 표시 n건 / 전체 n건이 구분되어 보인다,manual:docs/purchase_mail_import.md | manual:docs/management_tool_manual.md,,Ready,Not Run,,,,수입 큐 조회 완료: 표시 200건 / 전체 236건
BUY-012,Registration / Intake,미디어 > 등록/수집 > 구매 내역 가져오기,관리자,qa,Pre-release,,P1,Non-blocking,Manual-only,후보 박스 확장 상태 유지,구매 수입 큐 행 확장 가능 / steps=1) 특정 행 후보 조회 2) 목록 재렌더 유발,확장 상태와 후보 카드가 유지된다,manual:docs/purchase_mail_import.md | manual:docs/management_tool_manual.md,,Ready,Not Run,,,,큐 재로드 후 확장 박스 유지
BUY-013,Registration / Intake,미디어 > 등록/수집 > 구매 내역 가져오기,관리자,qa,Pre-release,,P1,Non-blocking,Manual-only,구매 수입 큐 후보 조회 후 확장 박스 유지 및 후보 표시,구매 수입 큐 1건 이상 존재 / steps=1) 후보 조회 클릭 2) 행 아래 확장 박스 확인,확장 상태가 유지되고 후보 카드 목록이 즉시 보인다,manual:docs/purchase_mail_import.md | manual:docs/management_tool_manual.md,,Ready,Not Run,,,,브라우저 확인 완료 | queue_id=438 후보 1건 표시
BUY-014,Registration / Intake,미디어 > 등록/수집 > 구매 내역 가져오기,관리자,qa,Pre-release,,P1,Non-blocking,Manual-only,구매 파일 자동 판별과 날짜/구매처 자동 추출,Amazon/eBay/Sailmusic 샘플 파일 보유 / steps=1) 파일 업로드 2) 미리보기 실행,구매처와 날짜가 파일 내용에서 자동 판별되어 별도 입력 없이 미리보기가 뜬다,manual:docs/purchase_mail_import.md | manual:docs/management_tool_manual.md,,Ready,Not Run,,,,미리보기 완료: 8건 / 구매처 Amazon / 수입 큐 저장 완료: 8건 / 미리보기 완료: 6건 / 구매처 eBay
REGISTER-001,Registration / Intake,미디어 > 등록/수집 > 직접 등록,관리자,qa,Pre-release,main@5409b8c,P0,Release,Manual-only,간편 등록 필수값 검증,등록/수집 진입 / steps=1) 아티스트명 비우기 2) 저장 3) 상품명 비우기 4) 저장,아티스트명과 상품명 모두 필수로 검증된다,manual:docs/purchase_mail_import.md | manual:docs/management_tool_manual.md,"browser:qa-library.muzlife.com 2026-04-18 / direct register required-field validation / screenshots:/tmp/register-artist-required.png,/tmp/register-item-required.png",Verified,Pass,2026-04-18T14:12:07+09:00,Codex,,quickArtist empty -> 아티스트명은 필수입니다. | quickItemName empty -> 상품명은 필수입니다.
REGISTER-002,Registration / Intake,미디어 > 등록/수집 > 직접 등록,관리자,qa,Pre-release,main@5409b8c,P0,Release,Manual-only,간편 등록 저장,필수값 입력 완료 / steps=1) 아티스트명 입력 2) 상품명 입력 3) 저장,보유 상품이 생성되고 검색/관리에서 조회 가능하다,manual:docs/purchase_mail_import.md | manual:docs/management_tool_manual.md,script:scripts/run_smoke_qa.py 2026-04-18 / qa smoke pass,Verified,Pass,2026-04-18T13:16:47+09:00,Codex,,간편 등록 저장/삭제 성공 | owned_item_id=1271 | label_id=CD-001271
REGISTER-003,Registration / Intake,미디어 > 등록/수집 > API 메타 조회,관리자,qa,Pre-release,main@5409b8c,P0,Release,Manual-only,바코드 조회 후 저장,유효 바코드 준비 / steps=1) 바코드 조회 2) 결과 선택 3) 보유 상품 저장,메타가 반영된 상품이 생성된다,manual:docs/purchase_mail_import.md | manual:docs/management_tool_manual.md,api:/ingest/barcode + /owned-items 2026-04-18 / qa live verification,Verified,Pass,2026-04-18T13:57:09+09:00,Codex,,바코드 메타 조회 후 저장 성공 | barcode=8808513000379 | source=DISCOGS | external=3541153
REGISTER-004,Registration / Intake,미디어 > 등록/수집 > API 메타 조회,관리자,qa,Pre-release,main@5409b8c,P0,Release,Manual-only,무바코드 조회 후 저장,아티스트/앨범 정보 준비 / steps=1) 무바코드 조회 2) 후보 확인 3) 저장,후보 메타 기반 상품이 생성된다,manual:docs/purchase_mail_import.md | manual:docs/management_tool_manual.md,api:/ingest/search + /owned-items 2026-04-18 / qa live verification,Verified,Pass,2026-04-18T13:57:09+09:00,Codex,,무바코드 메타 조회 후 저장 성공 | source=DISCOGS | external=8786524 | title=제11집
REGISTER-005,Registration / Intake,미디어 > 등록/수집 > CSV 대량 등록,관리자,qa,Pre-release,,P1,Non-blocking,Manual-only,CSV 업로드 및 검수 큐 적재,샘플 CSV 준비 / steps=1) CSV 업로드 2) 검수 큐 불러오기,행이 AUTO_APPROVED 또는 NEEDS_REVIEW로 적재된다,manual:docs/purchase_mail_import.md | manual:docs/management_tool_manual.md,,Ready,Not Run,,,,CSV 업로드 및 검수 큐 적재 성공 | batch_id=7 | rows=1 | statuses=AUTO_APPROVED
REGISTER-006,Registration / Intake,미디어 > 등록/수집,관리자,qa,Pre-release,main@5409b8c,P0,Release,Manual-only,외부 메타 저장 시 미배치 유지,"관리자 로그인, 외부 메타 기반 등록 가능 / steps=1) 외부 메타 기반 상품 생성 2) 장식장/칸 미지정 3) 저장 4) 상세 확인",storage_slot_id가 비어 있고 자동 슬롯 추천이 적용되지 않는다,manual:docs/purchase_mail_import.md | manual:docs/management_tool_manual.md,api:/ingest/search + /owned-items 2026-04-18 / qa live verification,Verified,Pass,2026-04-18T13:57:09+09:00,Codex,,외부 메타 저장 시 미배치 유지 | owned_item_id=1279 | storage_slot_id=null
CAM-001,Ops / Integrations,운영/연계 > 카메라,관리자,qa,Pre-release,main@5409b8c,P0,Release,Manual-only,ONVIF 장치 검색,카메라와 같은 네트워크 대역 연결 / steps=1) 운영/연계 카메라 진입 2) ONVIF 장치 검색,검색이 500 없이 끝나고 장치 목록 또는 0건 메시지가 표시된다,manual:docs/management_tool_manual.md | runbook:docs/macos_qa_prod_runbook.md,live:/cabinet-cameras/discover 2026-04-18 / ONVIF discovery probe,Verified,Pass,2026-04-18T14:12:07+09:00,Codex,,count=1 | http://Music_01:5357/39dea9ab-a79b-49ba-8ec1-c877f839a746
CAM-002,Ops / Integrations,운영/연계 > 카메라,관리자,qa,Pre-release,main@5409b8c,P0,Release,Manual-only,ONVIF 잘못된 URL 검증,운영/연계 카메라 진입 / steps=1) 잘못된 ONVIF URL 입력 2) 연결 테스트/자동 채움,400 검증 메시지로 유효하지 않은 URL임을 알린다,manual:docs/management_tool_manual.md | runbook:docs/macos_qa_prod_runbook.md,live:/cabinet-cameras/test-onvif 2026-04-18 / invalid URL validation,Verified,Pass,2026-04-18T14:12:07+09:00,Codex,,"{""detail"": ""유효한 ONVIF 장치 URL이 아닙니다.""}"
CAM-003,Ops / Integrations,운영/연계 > 카메라,관리자,qa,Pre-release,main@5409b8c,P0,Release,Manual-only,ONVIF 연결 테스트 자동 채움,실장비 ONVIF URL/계정 준비 / steps=1) ONVIF URL 입력 2) ID/PW 입력 3) 연결 테스트/자동 채움,스냅샷 URL/스트림 URL/제조사/모델이 채워진다,manual:docs/management_tool_manual.md | runbook:docs/macos_qa_prod_runbook.md,live:/cabinet-cameras/test-onvif 2026-04-18 / existing camera credential fallback,Verified,Pass,2026-04-18T14:12:07+09:00,Codex,,Meari | Speed 4T
CAM-004,Ops / Integrations,운영/연계 > 카메라,관리자,qa,Pre-release,,P1,Non-blocking,Manual-only,카메라 등록-수정-삭제,운영/연계 카메라 진입 / steps=1) 카메라 등록 2) 메모 또는 활성 상태 수정 3) 삭제,등록/수정/삭제가 모두 정상 동작한다,manual:docs/management_tool_manual.md | runbook:docs/macos_qa_prod_runbook.md,,Ready,Not Run,,,,카메라 등록/수정/삭제 성공 | camera_id=8
CAM-005,Ops / Integrations,운영/연계 > 카메라,관리자,qa,Pre-release,main@5409b8c,P0,Release,Manual-only,카메라 스냅샷 프록시,활성 카메라 1건 이상 존재 / steps=1) 스냅샷 열기 또는 snapshot API 호출,이미지/jpeg 스냅샷이 반환된다,manual:docs/management_tool_manual.md | runbook:docs/macos_qa_prod_runbook.md,live:/cabinet-cameras/{camera_id}/snapshot 2026-04-18 / jpeg response probe,Verified,Pass,2026-04-18T14:12:07+09:00,Codex,,camera_id=1 | bytes=165044 | image/jpeg
CAM-006,Ops / Integrations,운영/연계 > 카메라,관리자,qa,Pre-release,,P1,Non-blocking,Manual-only,대시보드 카메라 기본 접힘,장식장과 연결된 카메라 존재 / steps=1) 대시보드에서 장식장 선택,카메라 패널은 기본적으로 접혀 있고 필요할 때만 펼칠 수 있다,manual:docs/management_tool_manual.md | runbook:docs/macos_qa_prod_runbook.md,,Ready,Not Run,,,,2026-03-17 브라우저 검증 통과 | 카메라 패널 기본 접힘 | toggle=보기 | preview=display:none
CAM-007,Ops / Integrations,운영/연계 > 카메라,관리자,qa,Pre-release,,P1,Non-blocking,Manual-only,대시보드 카메라 펼침/숨기기,장식장과 연결된 카메라 존재 / steps=1) 보기 클릭 2) 새로고침/영상 열기 확인 3) 숨기기 클릭,펼친 상태에서만 스냅샷과 관련 버튼이 보이고 다시 숨길 수 있다,manual:docs/management_tool_manual.md | runbook:docs/macos_qa_prod_runbook.md,,Ready,Not Run,,,,2026-03-17 브라우저 검증 통과 | 보기/숨기기 정상 | preview block -> none
CAM-008,Ops / Integrations,운영/연계 > 카메라,관리자,qa,Pre-release,,P1,Non-blocking,Manual-only,대시보드 카메라 카드 기본 숨김,장식장에 카메라 등록됨 / steps=1) 대시보드에서 장식장 선택 2) 카메라 카드 확인,스냅샷은 기본 숨김이고 보기 클릭 시에만 열린다,manual:docs/management_tool_manual.md | runbook:docs/macos_qa_prod_runbook.md,,Ready,Not Run,,,,"toggle=보기, preview=none"
OPS-001,Ops / Integrations,운영/연계 > 예외 큐,관리자,qa,Pre-release,main@5409b8c,P0,Release,Manual-only,예외 유형별 조회,예외 데이터 존재 / steps=1) 예외 유형 전환,유형별 목록과 건수가 올바르게 표시된다,manual:docs/management_tool_manual.md | runbook:docs/macos_qa_prod_runbook.md,live:/owned-items exception count probes 2026-04-18 / include_total headers,Verified,Pass,2026-04-18T14:12:07+09:00,Codex,,unslotted=86 | source_missing=1 | master_missing=0 | cover_missing=4 | preferred_size_mismatch=90 | track_missing=32
OPS-002,Ops / Integrations,운영/연계 > 예외 큐,관리자,qa,Pre-release,,P1,Non-blocking,Manual-only,저장 필터 저장/적용,예외 큐 진입 / steps=1) 유형/표시수 선택 2) 필터 저장 3) 칩 또는 드롭다운으로 적용,저장 필터가 유지되고 다시 적용된다,manual:docs/management_tool_manual.md | runbook:docs/macos_qa_prod_runbook.md,,Ready,Not Run,,,,필터 저장/적용 성공: QA 회귀 1773758456
OPS-003,Ops / Integrations,운영/연계 > 예외 큐,관리자,qa,Pre-release,,P1,Non-blocking,Manual-only,기본 필터 지정,저장 필터 존재 / steps=1) 기본 사용 지정 2) 탭 재진입,역할별 기본 필터가 자동 적용된다,manual:docs/management_tool_manual.md | runbook:docs/macos_qa_prod_runbook.md,,Ready,Not Run,,,,기본 필터 재진입 유지 확인
OPS-004,Ops / Integrations,운영/연계 > 예외 큐,관리자,qa,Pre-release,main@5409b8c,P0,Release,Manual-only,다중 소스 보강 이동,소스/곡/커버 예외 존재 / steps=1) 여러 건 선택 2) 선택 항목 소스 보강,선택 항목이 소스 보강 탭 작업대로 이동한다,manual:docs/management_tool_manual.md | runbook:docs/macos_qa_prod_runbook.md,"browser:qa-library.muzlife.com 2026-04-18 / exception queue -> source workbench handoff / screenshots:/tmp/ops-source-missing.png,/tmp/ops-bulk-source-handoff.png",Verified,Pass,2026-04-18T14:12:07+09:00,Codex,,SOURCE_MISSING 1건 선택 -> sourceWorkbenchCount=1건 | sourceWorkbenchStatus=선택 항목을 소스 보강으로 이동: 1건
OPS-005,Ops / Integrations,운영/연계 > 예외 큐,관리자,qa,Pre-release,main@5409b8c,P0,Release,Manual-only,다중 실물 기준 맞춤,보관 규격 예외 존재 / steps=1) 여러 건 선택 2) 선택 항목 실물 기준 맞춤,권장 보관 규격이 실물 규격으로 일괄 맞춰진다,manual:docs/management_tool_manual.md | runbook:docs/macos_qa_prod_runbook.md,live:/owned-items/bulk-update 2026-04-18 / preferred storage alignment probe,Verified,Pass,2026-04-18T14:12:07+09:00,Codex,,owned_item_id=1283 | updated_count=1 | preferred=LP
OPS-006,Ops / Integrations,운영/연계 > 장식장,관리자,qa,Pre-release,main@5409b8c,P0,Release,Manual-only,장식장 등록,운영/연계 진입 / steps=1) 장식장명/규격/층/칸 입력 2) 장식장 생성,층/칸 슬롯이 일괄 생성된다,manual:docs/management_tool_manual.md | runbook:docs/macos_qa_prod_runbook.md,live:/storage-cabinets/register 2026-04-18 / cabinet slot creation probe,Verified,Pass,2026-04-18T14:12:07+09:00,Codex,,QA CABINET 1776489048 | slots=6
OPS-007,Ops / Integrations,운영/연계 > 슬롯,관리자,qa,Pre-release,,P1,Non-blocking,Manual-only,개별 슬롯 수정,슬롯 존재 / steps=1) 슬롯 선택 2) 값 수정 3) 저장,슬롯 값이 저장되고 대시보드에 반영된다,manual:docs/management_tool_manual.md | runbook:docs/macos_qa_prod_runbook.md,,Ready,Not Run,,,,개별 슬롯 수정 성공 | slot_id=1604 | 02층/03칸
OPS-008,Ops / Integrations,운영/연계 > 계정,관리자,qa,Pre-release,main@5409b8c,P0,Release,Manual-only,관리 계정 생성,운영/연계 진입 / steps=1) 새 계정 정보 입력 2) 저장,새 계정이 즉시 로그인 가능 상태로 생성된다,manual:docs/management_tool_manual.md | runbook:docs/macos_qa_prod_runbook.md,live:/ops-auth-accounts + /auth/login 2026-04-18 / managed operator account probe,Verified,Pass,2026-04-18T14:12:07+09:00,Codex,,user=qaop1776489048 | role=OPERATOR
OPS-009,Ops / Integrations,운영/연계 > 계정,관리자,qa,Pre-release,,P1,Non-blocking,Manual-only,시스템 계정 읽기 전용,기본 계정 존재 / steps=1) 기본 계정 선택,수정/삭제가 제한되고 안내 문구가 보인다,manual:docs/management_tool_manual.md | runbook:docs/macos_qa_prod_runbook.md,,Ready,Not Run,,,,시스템 계정 읽기 전용 확인 | system_accounts=3
OPS-010,Ops / Integrations,운영/연계 > 백업/내보내기,관리자,qa,Pre-release,main@5409b8c,P0,Release,Manual-only,DB 백업 다운로드,운영/연계 진입 / steps=1) DB 백업 다운로드 클릭,백업 파일이 다운로드된다,manual:docs/management_tool_manual.md | runbook:docs/macos_qa_prod_runbook.md,script:scripts/run_smoke_qa.py 2026-04-18 / qa smoke pass,Verified,Pass,2026-04-18T13:16:47+09:00,Codex,,DB 백업 다운로드 성공 | bytes=17592320
OPS-011,Ops / Integrations,운영/연계 > 백업/내보내기,관리자,qa,Pre-release,main@5409b8c,P0,Release,Manual-only,보유 상품 CSV 다운로드,운영/연계 진입 / steps=1) 보유 상품 CSV 클릭,CSV가 정상 다운로드되고 헤더/행이 올바르다,manual:docs/management_tool_manual.md | runbook:docs/macos_qa_prod_runbook.md,api:/ops/export/owned-items.csv 2026-04-18 / qa admin download check,Verified,Pass,2026-04-18T13:16:47+09:00,Codex,,보유 상품 CSV 다운로드 성공 | owned_item_id,label_id,category,item_name,status,signature_type,size_group,preferred_storage_size_group,album_master_id,purchase_source,memory_note,cabinet_name,column_code,cell_code,artist,format_name,released_date,label_name,catalog_no,barcode
OPS-012,Ops / Integrations,운영/연계 > 백업/내보내기,관리자,qa,Pre-release,main@5409b8c,P0,Release,Manual-only,마스터 CSV 다운로드,운영/연계 진입 / steps=1) 마스터 CSV 클릭,CSV가 정상 다운로드된다,manual:docs/management_tool_manual.md | runbook:docs/macos_qa_prod_runbook.md,api:/ops/export/album-masters.csv 2026-04-18 / qa admin download check,Verified,Pass,2026-04-18T13:16:47+09:00,Codex,,마스터 CSV 다운로드 성공 | album_master_id,source_code,source_master_id,title,artist,release_year,member_count,updated_at
OPS-013,Ops / Integrations,운영/연계,관리자,qa,Pre-release,main@5409b8c,P0,Release,Manual-only,백업/내보내기 서브탭 열림,관리자 로그인 / steps=1) 운영/연계 진입 2) 백업/내보내기 클릭,백업/내보내기 패널이 열리고 다운로드 버튼 3개가 표시된다,manual:docs/management_tool_manual.md | runbook:docs/macos_qa_prod_runbook.md,pytest:tests/test_ops_shell_bootstrap.py export panel trio 2026-04-18,Verified,Pass,2026-04-18T13:16:47+09:00,Codex,,백업/내보내기 패널 표시 확인 | opsExportPanel wired | buttons=DB/Owned/Master
OPS-014,Ops / Integrations,운영/연계,관리자,qa,Pre-release,main@5409b8c,P0,Release,Manual-only,DB 백업 다운로드 버튼 반응 및 실제 파일 생성,"관리자 로그인, 백업/내보내기 패널 열림 / steps=1) DB 백업 다운로드 클릭 2) 상태 메시지 확인 3) 다운로드 파일 생성 확인",상태 메시지가 바뀌고 DB 백업 파일이 실제로 다운로드된다,manual:docs/management_tool_manual.md | runbook:docs/macos_qa_prod_runbook.md,api:/ops/export/db-backup 2026-04-18 / qa admin download check,Verified,Pass,2026-04-18T13:16:47+09:00,Codex,,DB 백업 다운로드 및 파일 생성 확인 | content-disposition=attachment | bytes=17592320
SYS-002,Ops / Integrations,운영/연계 > 시스템 상태,관리자,qa,Pre-release,main@5409b8c,P1,Non-blocking,Hybrid,운영/연계 시스템 상태 패널,관리자 로그인 / steps=1) 운영/연계 진입 2) 시스템 상태 확인,앱 상태/외부 주소/로그 경로/최근 로그가 표시된다,manual:docs/management_tool_manual.md | runbook:docs/macos_qa_prod_runbook.md,browser QA smoke 2026-04-18 / system status panel visible,Verified,Pass,2026-04-18T13:00:03+09:00,Codex,,시스템 상태 API 정상 | health=ok | log_lines=2
SYS-003,Ops / Integrations,운영/연계 > 시스템 상태,관리자,qa,Pre-release,main@5409b8c,P1,Release,Hybrid,점검 스크립트 실행,터미널 접근 가능 / steps=1) 프로젝트 루트 이동 2) ./scripts/check_library_status.sh 실행,정상/주의/실패 요약과 세부 상태가 출력된다,manual:docs/management_tool_manual.md | runbook:docs/macos_qa_prod_runbook.md,shell:/Users/__DEV_USER__/apps/hahahoho-qa/scripts/check_library_status.sh --short /Users/__DEV_USER__/apps/hahahoho-qa,Verified,Pass,2026-04-18T15:22:48+09:00,Codex,,정상/주의/실패 요약과 scope detail 출력 확인 | missing state 시 AFP/외장 마운트 지연 및 launchd 로그 안내
SHELL-001,Cross-cutting Shell / UX,공통 헤더 / 테마 토글,공통,qa,Pre-release,main@5409b8c,P1,Release,Hybrid,day/night 토글과 저장 상태 유지 확인,로그인 완료 / 공통 shell 노출,토글 상태가 바뀌고 재로드 후 동일 테마가 유지된다,pytest:tests/test_ops_shell_bootstrap.py | manual:docs/management_tool_manual.md,browser QA smoke 2026-04-18 / theme toggle persisted,Verified,Pass,2026-04-18T13:00:03+09:00,Codex,,최근 global day/night 보정 반영
SHELL-002,Cross-cutting Shell / UX,공통 헤더 / utility 영역,공통,qa,Pre-release,main@5409b8c,P1,Release,Hybrid,locale/theme/help utility와 shell mode별 헤더 버튼 노출 확인,admin/ops 모드 전환 가능,현재 모드의 불필요한 헤더 버튼은 숨겨지고 utility 정렬이 깨지지 않는다,pytest:tests/test_ops_shell_bootstrap.py,browser QA smoke 2026-04-18 / header utility layout ok,Verified,Pass,2026-04-18T13:00:03+09:00,Codex,,최근 header utility chrome/버튼 제거 보정 반영
